run_id,bag_name,slice_idx,duration,distance_km,weighted_pts,pts_per_km,total_msgs,image_msgs,lidar_msgs,radar_msgs,imu_msgs,odometry_msgs,msg_rate,image_rate,lidar_rate,radar_rate,imu_rate,odometry_rate,image_ratio,lidar_ratio,radar_ratio,imu_ratio,odometry_ratio
T-MULTI-FAST-POLI,T-MULTI-FAST-POLI_slice0,0,60.0,12.980993706784663,154078.7,11869.561258586009,90823,0,1152,68359,14402,2302,1513.7166666666667,0.0,19.2,1139.3166666666666,240.03333333333333,38.36666666666667,0.0,0.012684011759135902,0.7526617706968499,0.15857216784294728,0.025346002664523304
T-MULTI-FAST-POLI,T-MULTI-FAST-POLI_slice1,1,60.0,13.207568680642273,166989.4,12643.462550737948,98148,0,1200,74749,15000,2399,1635.8,0.0,20.0,1245.8166666666666,250.0,39.983333333333334,0.0,0.012226433549333659,0.761594734482618,0.15283041936667074,0.024442678404042874
T-MULTI-FAST-POLI,T-MULTI-FAST-POLI_slice2,2,60.0,13.011746053551304,159870.7,12286.644647231367,93099,0,1200,69702,15000,2397,1551.65,0.0,20.0,1161.7,250.0,39.95,0.0,0.012889504720781104,0.7486868817065704,0.1611188090097638,0.025746785679760256
T-MULTI-FAST-POLI,T-MULTI-FAST-POLI_slice3,3,60.0,25.99451046996958,167142.6,6429.919124389481,96645,0,1200,73250,14999,2396,1610.75,0.0,20.0,1220.8333333333333,249.98333333333332,39.93333333333333,0.0,0.012416576129132391,0.7579285012157897,0.15519685446738063,0.024791763671167675
T-MULTI-FAST-POLI,T-MULTI-FAST-POLI_slice4,4,60.0,21.05037392763889,164304.7,7805.310279275842,93867,0,1200,70470,15000,2397,1564.45,0.0,20.0,1174.5,250.0,39.95,0.0,0.012784045511202019,0.7507430726453386,0.15980056889002525,0.025536130908626036
T-MULTI-FAST-POLI,T-MULTI-FAST-POLI_slice5,5,60.0,32.42044840322224,168697.4,5203.425871902294,95289,0,1200,71890,15000,2399,1588.15,0.0,20.0,1198.1666666666667,250.0,39.983333333333334,0.0,0.01259326889777414,0.7544417508841524,0.15741586122217674,0.025176043404800133
T-MULTI-FAST-POLI,T-MULTI-FAST-POLI_slice6,6,60.0,11.198964201129975,169807.9,15162.82193159135,94950,0,1200,71551,15000,2399,1582.5,0.0,20.0,1192.5166666666667,250.0,39.983333333333334,0.0,0.01263823064770932,0.7535650342285414,0.1579778830963665,0.02526592943654555
T-MULTI-FAST-POLI,T-MULTI-FAST-POLI_slice7,7,60.0,15.920614091625415,170041.2,10680.567911601182,94445,0,1200,71048,15000,2397,1574.0833333333333,0.0,20.0,1184.1333333333334,250.0,39.95,0.0,0.012705807612896395,0.7522685160675525,0.15882259516120492,0.02537985070676055
T-MULTI-FAST-POLI,T-MULTI-FAST-POLI_slice8,8,60.0,12.628757236302777,172736.8,13678.052144628191,96001,0,1200,72605,14998,2398,1600.0166666666667,0.0,20.0,1210.0833333333333,249.96666666666667,39.96666666666667,0.0,0.01249986979302299,0.7562942052686951,0.15622753929646566,0.024978906469724272
T-MULTI-FAST-POLI,T-MULTI-FAST-POLI_slice9,9,60.0,12.522705496309259,173572.5,13860.623014024883,96066,0,1201,72665,15000,2400,1601.1,0.0,20.016666666666666,1211.0833333333333,250.0,40.0,0.0,0.012501821664272479,0.756407053484063,0.15614265192680032,0.024982824308288052
T-MULTI-FAST-POLI,T-MULTI-FAST-POLI_slice10,10,60.0,17.881515660669535,172989.2,9674.191119072218,95728,0,1201,72331,14999,2397,1595.4666666666667,0.0,20.016666666666666,1205.5166666666667,249.98333333333332,39.95,0.0,0.012545963563429718,0.7555887514624771,0.15668351997325755,0.025039695804780212
T-MULTI-FAST-POLI,T-MULTI-FAST-POLI_slice11,11,60.0,13.347849549375313,170793.3,12795.566759140855,94545,0,1200,71147,15000,2398,1575.75,0.0,20.0,1185.7833333333333,250.0,39.96666666666667,0.0,0.012692368713311121,0.7525199640382887,0.15865460891638902,0.025363583478766726
T-MULTI-FAST-POLI,T-MULTI-FAST-POLI_slice12,12,60.0,18.710873002749228,165547.0,8847.636343620943,92550,0,1201,69149,15000,2400,1542.5,0.0,20.016666666666666,1152.4833333333333,250.0,40.0,0.0,0.012976769313884386,0.7471528903295516,0.1620745542949757,0.02593192868719611
T-MULTI-FAST-POLI,T-MULTI-FAST-POLI_slice13,13,60.0,4.918259006915195,57213.0,11632.774914773114,35465,0,399,27666,5000,800,591.0833333333334,0.0,6.65,461.1,83.33333333333333,13.333333333333334,0.0,0.011250528690258001,0.7800930494854081,0.14098406880022557,0.022557451008036092
M-SOLO-SLOW-70,M-SOLO-SLOW-70_slice0,0,60.0,19.706951612796505,693462.6,35188.73002913892,481045,6882,5022,308972,14966,1194,8017.416666666667,114.7,83.7,5149.533333333334,249.43333333333334,19.9,0.01430635387541706,0.010439771746925963,0.6422933405398663,0.031111434481181595,0.002482096269579769
M-SOLO-SLOW-70,M-SOLO-SLOW-70_slice1,1,60.0,11.741110509518299,806019.9,68649.37514612223,544530,6954,5058,372013,15000,1200,9075.5,115.9,84.3,6200.216666666666,250.0,20.0,0.012770646245385929,0.009288744421794943,0.6831818265293005,0.027546691642333757,0.0022037353313867003
M-SOLO-SLOW-70,M-SOLO-SLOW-70_slice2,2,60.0,8.818602395337122,802176.8,90964.16461911866,540975,7100,5001,368379,15000,1200,9016.25,118.33333333333333,83.35,6139.65,250.0,20.0,0.013124451222330052,0.009244419797587689,0.6809538333564398,0.027727713849993067,0.0022182171079994455
M-SOLO-SLOW-70,M-SOLO-SLOW-70_slice3,3,60.0,12.148876902306736,720218.7,59282.73911996346,497008,7098,4932,324703,15000,1200,8283.466666666667,118.3,82.2,5411.716666666666,250.0,20.0,0.01428146025818498,0.009923381514985674,0.6533154395905096,0.030180600714676625,0.00241444805717413
M-SOLO-SLOW-70,M-SOLO-SLOW-70_slice4,4,60.0,10.72465419913279,620453.2,57852.97954410229,440046,7156,5024,267449,15000,1200,7334.1,119.26666666666667,83.73333333333333,4457.483333333334,250.0,20.0,0.016261936252119098,0.011416988223958405,0.6077750962399385,0.034087345413888546,0.0027269876331110837
M-SOLO-SLOW-70,M-SOLO-SLOW-70_slice5,5,60.0,14.376127624187294,677341.4,47115.70582194878,472526,7132,4967,300021,15000,1200,7875.433333333333,118.86666666666666,82.78333333333333,5000.35,250.0,20.0,0.0150933493606701,0.010511590896585585,0.6349301414102081,0.03174428497056247,0.0025395427976449975
M-SOLO-SLOW-70,M-SOLO-SLOW-70_slice6,6,60.0,25.04403132393283,629748.4,25145.648152827274,444583,7181,4969,271915,15000,1200,7409.716666666666,119.68333333333334,82.81666666666666,4531.916666666667,250.0,20.0,0.016152214547114938,0.011176765643310698,0.6116180780641635,0.03373948171657486,0.0026991585373259885
M-SOLO-SLOW-70,M-SOLO-SLOW-70_slice7,7,60.0,13.961027901266016,642239.5,46002.307605284586,452883,7310,5020,280201,15000,1200,7548.05,121.83333333333333,83.66666666666667,4670.016666666666,250.0,20.0,0.01614103421855093,0.011084540598786,0.6187050518566606,0.03312113724736852,0.002649690979789482
M-SOLO-SLOW-70,M-SOLO-SLOW-70_slice8,8,60.0,27.281271328911423,614491.3,22524.291210314335,435593,7264,4959,262932,15000,1200,7259.883333333333,121.06666666666666,82.65,4382.2,250.0,20.0,0.016676117384806458,0.011384480466857824,0.6036185154490545,0.03443581508426444,0.002754865206741155
M-SOLO-SLOW-70,M-SOLO-SLOW-70_slice9,9,60.0,19.49029424770065,622809.9,31954.87415863285,439668,7316,4995,266866,15000,1200,7327.8,121.93333333333334,83.25,4447.766666666666,250.0,20.0,0.016639828234031134,0.0113608450012282,0.6069716240435965,0.03411665165533994,0.002729332132427195
M-SOLO-SLOW-70,M-SOLO-SLOW-70_slice10,10,60.0,14.116977565733016,595532.0,42185.517206287164,423936,7296,4951,251292,15000,1200,7065.6,121.6,82.51666666666667,4188.2,250.0,20.0,0.017210144927536232,0.011678649607487922,0.5927592844202898,0.03538269927536232,0.0028306159420289855
M-SOLO-SLOW-70,M-SOLO-SLOW-70_slice11,11,60.0,14.507529874084065,608071.6,41914.20629684491,429620,7427,4987,256695,15000,1200,7160.333333333333,123.78333333333333,83.11666666666666,4278.25,250.0,20.0,0.01728737023416042,0.01160793259159257,0.5974931334667846,0.03491457567152367,0.002793166053721894
M-SOLO-SLOW-70,M-SOLO-SLOW-70_slice12,12,60.0,12.131632280677108,616152.4,50788.91164393341,433749,7454,5008,260780,15000,1200,7229.15,124.23333333333333,83.46666666666667,4346.333333333333,250.0,20.0,0.017185054028943006,0.011545847944318028,0.6012232881228544,0.03458221229328483,0.0027665769834627862
M-SOLO-SLOW-70,M-SOLO-SLOW-70_slice13,13,60.0,14.010488869039555,578209.8,41269.78047694901,412316,7347,4949,239475,15000,1200,6871.933333333333,122.45,82.48333333333333,3991.25,250.0,20.0,0.01781885738123187,0.012002929791713152,0.5808045285654692,0.03637986398781517,0.0029103891190252135
M-SOLO-SLOW-70,M-SOLO-SLOW-70_slice14,14,60.0,12.601895848690539,613704.6,48699.38677232997,433349,7258,4940,260663,15000,1200,7222.483333333334,120.96666666666667,82.33333333333333,4344.383333333333,250.0,20.0,0.01674862524201048,0.011399587861054255,0.6015082531631548,0.03461413318133883,0.0027691306545071064
M-SOLO-SLOW-70,M-SOLO-SLOW-70_slice15,15,60.0,15.224520672226367,597005.3,39213.40532507528,423320,6999,4993,250809,14999,1200,7055.333333333333,116.65,83.21666666666667,4180.15,249.98333333333332,20.0,0.01653359160918454,0.011794859680619862,0.5924808655390721,0.03543182462439762,0.002834734952281962
M-SOLO-SLOW-70,M-SOLO-SLOW-70_slice16,16,60.0,15.09283316036992,612492.1,40581.65180068737,432470,6958,4945,260032,15001,1200,7207.833333333333,115.96666666666667,82.41666666666667,4333.866666666667,250.01666666666668,20.0,0.01608897727009966,0.011434319143524406,0.6012717645154577,0.03468679908432955,0.002774758942816843
M-SOLO-SLOW-70,M-SOLO-SLOW-70_slice17,17,60.0,10.860672798364767,590051.6,54329.19405221754,419944,6882,4995,247561,15000,1200,6999.066666666667,114.7,83.25,4126.016666666666,250.0,20.0,0.01638789933895948,0.011894443068599624,0.589509553654773,0.03571904825405292,0.0028575238603242336
M-SOLO-SLOW-70,M-SOLO-SLOW-70_slice18,18,60.0,25.091307567548846,645679.9,25733.21052566716,453416,6354,4964,281657,15000,1200,7556.933333333333,105.9,82.73333333333333,4694.283333333334,250.0,20.0,0.014013621045574043,0.010948003599343649,0.6211889302538949,0.03308220265716252,0.002646576212573001
M-SOLO-SLOW-70,M-SOLO-SLOW-70_slice19,19,60.0,9.628363715664335,642348.2,66714.16026328201,453612,6071,4999,282081,14999,1200,7560.2,101.18333333333334,83.31666666666666,4701.35,249.98333333333332,20.0,0.013383684734971738,0.011020431558248018,0.6218552419248168,0.03306570372917824,0.002645432660511627
M-SOLO-SLOW-70,M-SOLO-SLOW-70_slice20,20,60.0,8.053081631061097,736111.3,91407.40572662094,505452,6712,5005,333218,15002,1200,8424.2,111.86666666666666,83.41666666666667,5553.633333333333,250.03333333333333,20.0,0.013279203564334497,0.009902028283595673,0.6592475645560805,0.02968036529680365,0.002374112675387574
M-SOLO-SLOW-70,M-SOLO-SLOW-70_slice21,21,60.0,9.501875630504603,737402.8,77606.02523912847,506924,6922,5040,334462,14999,1200,8448.733333333334,115.36666666666666,84.0,5574.366666666667,249.98333333333332,20.0,0.013654906849942004,0.009942318769677506,0.6597872659412456,0.029588261751268434,0.0023672187546851203
M-SOLO-SLOW-70,M-SOLO-SLOW-70_slice22,22,60.0,4.1980366254146,223628.4,53269.7591645986,154090,2073,1525,101920,4537,363,2568.1666666666665,34.55,25.416666666666668,1698.6666666666667,75.61666666666666,6.05,0.013453176714906872,0.009896813550522422,0.6614316308650788,0.02944383152702966,0.0023557661107145174
P-SOLO-SLOW-70,P-SOLO-SLOW-70_slice0,0,60.0,12.46608741918626,54923.9,4405.865140610832,24428,0,3246,0,14987,1194,407.1333333333333,0.0,54.1,0.0,249.78333333333333,19.9,0.0,0.1328803012935975,0.0,0.6135172752579008,0.04887833633535287
P-SOLO-SLOW-70,P-SOLO-SLOW-70_slice1,1,60.0,13.06883426871531,54000.4,4131.99822491194,24308,0,3158,0,14978,1194,405.1333333333333,0.0,52.63333333333333,0.0,249.63333333333333,19.9,0.0,0.1299160770116834,0.0,0.6161757446108277,0.04911963139707092
P-SOLO-SLOW-70,P-SOLO-SLOW-70_slice2,2,60.0,15.890375659483158,54293.4,3416.7474176482697,24324,0,3189,0,14981,1189,405.4,0.0,53.15,0.0,249.68333333333334,19.816666666666666,0.0,0.13110508140108534,0.0,0.6158937674724552,0.048881762867949353
P-SOLO-SLOW-70,P-SOLO-SLOW-70_slice3,3,60.0,15.269954894715893,54785.9,3587.823302540235,24382,0,3236,0,14969,1189,406.3666666666667,0.0,53.93333333333333,0.0,249.48333333333332,19.816666666666666,0.0,0.13272085965056188,0.0,0.6139365105405628,0.048765482733163806
P-SOLO-SLOW-70,P-SOLO-SLOW-70_slice4,4,60.0,14.812662567257718,53938.6,3641.3845083615984,24258,0,3157,0,14971,1181,404.3,0.0,52.61666666666667,0.0,249.51666666666668,19.683333333333334,0.0,0.13014263335806744,0.0,0.6171572264819853,0.04868496990683486
P-SOLO-SLOW-70,P-SOLO-SLOW-70_slice5,5,60.0,14.49056127168555,52250.3,3605.816159936931,24072,0,2990,0,14959,1178,401.2,0.0,49.833333333333336,0.0,249.31666666666666,19.633333333333333,0.0,0.1242107012296444,0.0,0.6214273845131273,0.04893652376204719
P-SOLO-SLOW-70,P-SOLO-SLOW-70_slice6,6,60.0,36.27200189616983,53973.2,1488.0127144484775,24298,0,3156,0,14974,1192,404.96666666666664,0.0,52.6,0.0,249.56666666666666,19.866666666666667,0.0,0.12988723351716192,0.0,0.6162647131451148,0.04905753559963783
P-SOLO-SLOW-70,P-SOLO-SLOW-70_slice7,7,60.0,17.13056964334394,54822.9,3200.296379011621,24377,0,3241,0,14979,1184,406.28333333333336,0.0,54.016666666666666,0.0,249.65,19.733333333333334,0.0,0.13295319358411617,0.0,0.614472658653649,0.04857037371292612
P-SOLO-SLOW-70,P-SOLO-SLOW-70_slice8,8,60.0,13.28936348186539,55113.5,4147.188845817006,24418,0,3269,0,14980,1190,406.96666666666664,0.0,54.483333333333334,0.0,249.66666666666666,19.833333333333332,0.0,0.13387664837415023,0.0,0.6134818576459988,0.04873454009337374
P-SOLO-SLOW-70,P-SOLO-SLOW-70_slice9,9,60.0,14.672814027587977,55544.7,3785.5519667573158,24465,0,3311,0,14981,1187,407.75,0.0,55.18333333333333,0.0,249.68333333333334,19.783333333333335,0.0,0.1353361945636624,0.0,0.6123441651338647,0.04851829143674637
P-SOLO-SLOW-70,P-SOLO-SLOW-70_slice10,10,60.0,11.48252679929419,55128.8,4801.103534405744,24417,0,3271,0,14972,1193,406.95,0.0,54.516666666666666,0.0,249.53333333333333,19.883333333333333,0.0,0.13396404144653315,0.0,0.6131793422615391,0.04885940123684318
P-SOLO-SLOW-70,P-SOLO-SLOW-70_slice11,11,60.0,16.363882279814298,54816.3,3349.834657978368,24378,0,3240,0,14967,1188,406.3,0.0,54.0,0.0,249.45,19.8,0.0,0.13290671917302485,0.0,0.6139552055131676,0.04873246369677578
P-SOLO-SLOW-70,P-SOLO-SLOW-70_slice12,12,60.0,16.634151097337647,55033.0,3308.4345379553647,24404,0,3261,0,14977,1185,406.73333333333335,0.0,54.35,0.0,249.61666666666667,19.75,0.0,0.13362563514178002,0.0,0.613710867070972,0.04855761350598262
P-SOLO-SLOW-70,P-SOLO-SLOW-70_slice13,13,60.0,13.08977759308501,55402.6,4232.508887642809,24458,0,3296,0,14978,1191,407.6333333333333,0.0,54.93333333333333,0.0,249.63333333333333,19.85,0.0,0.13476163218578788,0.0,0.6123967617957314,0.04869572328072614
P-SOLO-SLOW-70,P-SOLO-SLOW-70_slice14,14,60.0,14.931011512769375,56217.5,3765.1501341299872,24546,0,3377,0,14978,1195,409.1,0.0,56.28333333333333,0.0,249.63333333333333,19.916666666666668,0.0,0.1375784241831663,0.0,0.6102012547869307,0.0486841033162226
P-SOLO-SLOW-70,P-SOLO-SLOW-70_slice15,15,60.0,31.190036320615974,55399.5,1776.1922246747133,24457,0,3296,0,14984,1190,407.6166666666667,0.0,54.93333333333333,0.0,249.73333333333332,19.833333333333332,0.0,0.13476714233143886,0.0,0.6126671300650121,0.048656826266508565
P-SOLO-SLOW-70,P-SOLO-SLOW-70_slice16,16,60.0,26.13647770041276,53754.6,2056.688763350506,24247,0,3137,0,14966,1181,404.1166666666667,0.0,52.28333333333333,0.0,249.43333333333334,19.683333333333334,0.0,0.12937683012331422,0.0,0.6172309976491938,0.04870705654307749
P-SOLO-SLOW-70,P-SOLO-SLOW-70_slice17,17,60.0,27.303334240342455,54330.0,1989.866861012304,24329,0,3192,0,14971,1190,405.48333333333335,0.0,53.2,0.0,249.51666666666668,19.833333333333332,0.0,0.13120144683299767,0.0,0.6153561593160426,0.04891282009124913
P-SOLO-SLOW-70,P-SOLO-SLOW-70_slice18,18,60.0,15.628935578219071,53459.4,3420.540044614589,24236,0,3106,0,14974,1189,403.93333333333334,0.0,51.766666666666666,0.0,249.56666666666666,19.816666666666666,0.0,0.1281564614622875,0.0,0.6178412279254002,0.04905925070143588
P-SOLO-SLOW-70,P-SOLO-SLOW-70_slice19,19,60.0,22.14463619217753,53343.3,2408.8587203271927,24207,0,3097,0,14969,1188,403.45,0.0,51.61666666666667,0.0,249.48333333333332,19.8,0.0,0.1279381996943033,0.0,0.6183748502499277,0.049076713347378856
P-SOLO-SLOW-70,P-SOLO-SLOW-70_slice20,20,60.0,10.092619478087189,48665.3,4821.870090877867,20856,0,2970,0,12663,1007,347.6,0.0,49.5,0.0,211.05,16.783333333333335,0.0,0.14240506329113925,0.0,0.6071634062140391,0.04828346758726505
P-SOLO-FAST-140,P-SOLO-FAST-140_slice0,0,60.0,26.64406037168561,55834.9,2095.5852531896835,24568,0,3330,0,14999,1199,409.46666666666664,0.0,55.5,0.0,249.98333333333332,19.983333333333334,0.0,0.1355421686746988,0.0,0.6105096059915337,0.04880332139368284
P-SOLO-FAST-140,P-SOLO-FAST-140_slice1,1,60.0,16.429970039241486,56126.0,3416.0743973329327,24599,0,3359,0,15000,1200,409.98333333333335,0.0,55.983333333333334,0.0,250.0,20.0,0.0,0.13655026627098663,0.0,0.6097808854018456,0.04878247083214765
P-SOLO-FAST-140,P-SOLO-FAST-140_slice2,2,60.0,16.219845804942484,56586.0,3488.689145414515,24645,0,3405,0,15000,1200,410.75,0.0,56.75,0.0,250.0,20.0,0.0,0.13816189896530737,0.0,0.6086427267194157,0.048691418137553254
P-SOLO-FAST-140,P-SOLO-FAST-140_slice3,3,60.0,13.263977432885563,55732.0,4201.7562440827805,24556,0,3320,0,14997,1200,409.26666666666665,0.0,55.333333333333336,0.0,249.95,20.0,0.0,0.13520117282945104,0.0,0.6107265026877342,0.04886789379377749
P-SOLO-FAST-140,P-SOLO-FAST-140_slice4,4,60.0,13.57672577628077,48568.0,3577.298444434281,17428,0,3316,0,7927,1200,290.46666666666664,0.0,55.266666666666666,0.0,132.11666666666667,20.0,0.0,0.19026853339453753,0.0,0.45484278173054854,0.06885471654808355
P-SOLO-FAST-140,P-SOLO-FAST-140_slice5,5,60.0,16.64499255766413,47776.0,2870.2926621617326,16960,0,3280,0,7500,1200,282.6666666666667,0.0,54.666666666666664,0.0,125.0,20.0,0.0,0.19339622641509435,0.0,0.44221698113207547,0.07075471698113207
P-SOLO-FAST-140,P-SOLO-FAST-140_slice6,6,60.0,15.801049916731076,39649.7,2509.3079389627505,13987,0,2733,0,6169,987,233.11666666666667,0.0,45.55,0.0,102.81666666666666,16.45,0.0,0.1953957246014156,0.0,0.44105240580539073,0.0705655251304783
T-SOLO-PYLON,T-SOLO-PYLON_slice0,0,60.0,25.482037915874002,169641.4,6657.293288709931,102523,0,917,80606,15000,1199,1708.7166666666667,0.0,15.283333333333333,1343.4333333333334,250.0,19.983333333333334,0.0,0.008944334442027642,0.786223579099324,0.1463086331847488,0.01169493674590092
T-SOLO-PYLON,T-SOLO-PYLON_slice1,1,60.0,16.585411946289284,196364.4,11839.585331730837,118143,0,882,96267,14997,1199,1969.05,0.0,14.7,1604.45,249.95,19.983333333333334,0.0,0.007465529062238135,0.814834564891699,0.1269393870140423,0.010148718078938235
T-SOLO-PYLON,T-SOLO-PYLON_slice2,2,60.0,26.18189896164291,170479.6,6511.353521368201,103402,0,884,81514,15001,1201,1723.3666666666666,0.0,14.733333333333333,1358.5666666666666,250.01666666666668,20.016666666666666,0.0,0.008549157656525018,0.7883213090655887,0.145074563354674,0.011614862381772112
T-SOLO-PYLON,T-SOLO-PYLON_slice3,3,60.0,23.3483461960774,193295.5,8278.766229381774,116516,0,856,94660,14999,1200,1941.9333333333334,0.0,14.266666666666667,1577.6666666666667,249.98333333333332,20.0,0.0,0.007346630505681623,0.8124206117614748,0.12872910158261527,0.01029901472759106
T-SOLO-PYLON,T-SOLO-PYLON_slice4,4,60.0,17.124201635092035,246528.5,14396.495979981786,146482,0,892,124591,15000,1200,2441.366666666667,0.0,14.866666666666667,2076.516666666667,250.0,20.0,0.0,0.006089485397523246,0.8505550169986756,0.10240166027225188,0.00819213282178015
T-SOLO-PYLON,T-SOLO-PYLON_slice5,5,60.0,3.9864143455116574,73964.7,18554.192712876815,39452,0,987,32832,4025,322,657.5333333333333,0.0,16.45,547.2,67.08333333333333,5.366666666666666,0.0,0.02501774308019872,0.8322011558349387,0.10202271114265436,0.008161816891412349
T-SOLO-PYLON,T-SOLO-PYLON_slice6,6,60.0,N/A,21855.0,N/A,7593,0,834,6759,0,0,126.55,0.0,13.9,112.65,0.0,0.0,0.0,0.10983800869221652,0.8901619913077835,0.0,0.0
C-SOLO-SLOW-70-100,C-SOLO-SLOW-70-100_slice0,0,60.0,10.718209573264563,58577.4,5465.222488848801,50934,0,838,0,6344,838,848.9,0.0,13.966666666666667,0.0,105.73333333333333,13.966666666666667,0.0,0.016452664232143557,0.0,0.12455334354262379,0.016452664232143557
C-SOLO-SLOW-70-100,C-SOLO-SLOW-70-100_slice1,1,60.0,6.876645623061647,15747.9,2290.0554810018925,10690,0,475,0,949,474,178.16666666666666,0.0,7.916666666666667,0.0,15.816666666666666,7.9,0.0,0.04443405051449953,0.0,0.08877455565949485,0.044340505144995324
C-SOLO-SLOW-70-100,C-SOLO-SLOW-70-100_slice2,2,60.0,6.436589820150671,15770.1,2450.070680382558,10711,0,475,0,951,476,178.51666666666668,0.0,7.916666666666667,0.0,15.85,7.933333333333334,0.0,0.04434693305947157,0.0,0.08878722808327887,0.0444402950238073
C-SOLO-SLOW-70-100,C-SOLO-SLOW-70-100_slice3,3,60.0,11.122915460293328,51039.6,4588.689016130849,43713,0,786,0,5324,785,728.55,0.0,13.1,0.0,88.73333333333333,13.083333333333334,0.0,0.017980921007480614,0.0,0.12179443186237504,0.01795804451764921
C-SOLO-SLOW-70-100,C-SOLO-SLOW-70-100_slice4,4,60.0,11.634116891894832,51376.6,4416.029207665315,44558,0,745,0,5481,744,742.6333333333333,0.0,12.416666666666666,0.0,91.35,12.4,0.0,0.0167197809596481,0.0,0.12300821401319628,0.01669733830064186
C-SOLO-SLOW-70-100,C-SOLO-SLOW-70-100_slice5,5,60.0,4.837034067080066,15495.9,3203.595382025971,10523,0,467,0,934,467,175.38333333333333,0.0,7.783333333333333,0.0,15.566666666666666,7.783333333333333,0.0,0.04437897937850423,0.0,0.08875795875700845,0.04437897937850423
C-SOLO-SLOW-70-100,C-SOLO-SLOW-70-100_slice6,6,60.0,7.126763399961281,16380.8,2298.4907847633885,11119,0,494,0,988,494,185.31666666666666,0.0,8.233333333333333,0.0,16.466666666666665,8.233333333333333,0.0,0.04442845579638457,0.0,0.08885691159276914,0.04442845579638457
C-SOLO-SLOW-70-100,C-SOLO-SLOW-70-100_slice7,7,60.0,11.726318949096852,80804.0,6890.823996069409,72287,0,988,0,9199,989,1204.7833333333333,0.0,16.466666666666665,0.0,153.31666666666666,16.483333333333334,0.0,0.013667741087609113,0.0,0.1272566298227897,0.013681574833649204
C-SOLO-SLOW-70-100,C-SOLO-SLOW-70-100_slice8,8,60.0,5.928982737298161,15358.1,2590.343180354526,10428,0,463,0,926,463,173.8,0.0,7.716666666666667,0.0,15.433333333333334,7.716666666666667,0.0,0.04439969313387035,0.0,0.0887993862677407,0.04439969313387035
C-SOLO-SLOW-70-100,C-SOLO-SLOW-70-100_slice9,9,60.0,8.90758855024578,15788.2,1772.4437889045032,10719,0,476,0,952,476,178.65,0.0,7.933333333333334,0.0,15.866666666666667,7.933333333333334,0.0,0.044407127530553224,0.0,0.08881425506110645,0.044407127530553224
C-SOLO-SLOW-70-100,C-SOLO-SLOW-70-100_slice10,10,60.0,7.944499047143459,45300.3,5702.0964734445115,40056,0,593,0,5019,593,667.6,0.0,9.883333333333333,0.0,83.65,9.883333333333333,0.0,0.014804274016377073,0.0,0.12529958058717794,0.014804274016377073
M-SOLO-SLOW-70-100,M-SOLO-SLOW-70-100_slice0,0,60.0,22.637641921365766,708905.3,31315.33321635077,486406,2933,2696,401597,15000,1199,8106.766666666666,48.88333333333333,44.93333333333333,6693.283333333334,250.0,19.983333333333334,0.006029942064859397,0.005542694785837346,0.8256415422507124,0.030838435381142504,0.002465018934799324
M-SOLO-SLOW-70-100,M-SOLO-SLOW-70-100_slice1,1,60.0,34.63007173473511,612958.3,17700.17413464329,431305,2844,2641,346592,15000,1200,7188.416666666667,47.4,44.016666666666666,5776.533333333334,250.0,20.0,0.00659394164222534,0.006123277031335134,0.803589107476148,0.03477817321848808,0.0027822538574790463
M-SOLO-SLOW-70-100,M-SOLO-SLOW-70-100_slice2,2,60.0,31.41337417200628,516575.1,16444.432144457147,378765,2639,2578,294804,15000,1200,6312.75,43.983333333333334,42.96666666666667,4913.4,250.0,20.0,0.00696738082980212,0.006806331102398585,0.7783295711060948,0.03960239198447586,0.003168191358758069
M-SOLO-SLOW-70-100,M-SOLO-SLOW-70-100_slice3,3,60.0,16.95148403758498,530801.2,31312.963444563487,387625,2676,2291,303529,15000,1200,6460.416666666667,44.6,38.18333333333333,5058.816666666667,250.0,20.0,0.00690357949048694,0.005910351499516285,0.7830480490164463,0.038697194453402126,0.00309577555627217
M-SOLO-SLOW-70-100,M-SOLO-SLOW-70-100_slice4,4,60.0,20.61263774310412,509106.4,24698.7506570002,373036,2862,2592,288196,15000,1200,6217.266666666666,47.7,43.2,4803.266666666666,250.0,20.0,0.0076721817733409105,0.006948391040006862,0.7725688673479235,0.04021059629633601,0.0032168477037068806
M-SOLO-SLOW-70-100,M-SOLO-SLOW-70-100_slice5,5,60.0,18.35463780761778,480918.0,26201.443201478112,359010,2482,2378,275679,15000,1200,5983.5,41.36666666666667,39.63333333333333,4594.65,250.0,20.0,0.006913456449681068,0.006623770925600958,0.7678866883930809,0.04178156597309267,0.0033425252778474137
M-SOLO-SLOW-70-100,M-SOLO-SLOW-70-100_slice6,6,60.0,21.479817067899642,477664.3,22237.819739807837,356199,2667,2385,272086,15000,1200,5936.65,44.45,39.75,4534.766666666666,250.0,20.0,0.007487387668129332,0.006695695383760201,0.763859527960494,0.04211129172176227,0.003368903337740982
M-SOLO-SLOW-70-100,M-SOLO-SLOW-70-100_slice7,7,60.0,24.15724897781759,486252.7,20128.64546151351,361086,2652,2537,277051,15000,1200,6018.1,44.2,42.28333333333333,4617.516666666666,250.0,20.0,0.007344510725976637,0.007026027040649596,0.767271508726453,0.041541350260048855,0.003323308020803908
M-SOLO-SLOW-70-100,M-SOLO-SLOW-70-100_slice8,8,60.0,13.010473007041432,485091.4,37284.68594012396,358907,2635,2530,274501,15000,1200,5981.783333333334,43.916666666666664,42.166666666666664,4575.016666666666,250.0,20.0,0.007341734766945197,0.007049179871108671,0.764824871066878,0.04179355654807513,0.0033434845238460103
M-SOLO-SLOW-70-100,M-SOLO-SLOW-70-100_slice9,9,60.0,10.502424179526,441805.5,42067.00209855166,334807,2693,2364,250532,15000,1200,5580.116666666667,44.88333333333333,39.4,4175.533333333334,250.0,20.0,0.00804343995197233,0.00706078427273026,0.7482878195497704,0.04480193066453211,0.0035841544531625682
M-SOLO-SLOW-70-100,M-SOLO-SLOW-70-100_slice10,10,60.0,13.38074880211342,480080.2,35878.42557242939,356015,2700,2553,271349,15000,1200,5933.583333333333,45.0,42.55,4522.483333333334,250.0,20.0,0.00758395011446147,0.007171046163785234,0.7621841776329649,0.042133056191452606,0.0033706444953162085
M-SOLO-SLOW-70-100,M-SOLO-SLOW-70-100_slice11,11,60.0,15.069132352001652,473220.9,31403.327606790943,352366,2749,2350,267854,14999,1200,5872.766666666666,45.81666666666667,39.166666666666664,4464.233333333334,249.98333333333332,20.0,0.0078015472548429755,0.006669201909378317,0.7601584715891999,0.042566535931389524,0.0034055499111719065
M-SOLO-SLOW-70-100,M-SOLO-SLOW-70-100_slice12,12,60.0,11.248989215496618,442557.9,39342.0147821221,333731,3130,2125,247976,15001,1200,5562.183333333333,52.166666666666664,35.416666666666664,4132.933333333333,250.01666666666668,20.0,0.009378811078383488,0.006367403687400931,0.7430415514291451,0.04494937539515358,0.003595710317591114
M-SOLO-SLOW-70-100,M-SOLO-SLOW-70-100_slice13,13,60.0,13.90389017102885,467827.8,33647.25945367432,347936,3161,2221,261703,15000,1200,5798.933333333333,52.68333333333333,37.016666666666666,4361.716666666666,250.0,20.0,0.009085004138692173,0.006383357858916582,0.7521584429320335,0.043111376804929644,0.0034489101443943714
M-SOLO-SLOW-70-100,M-SOLO-SLOW-70-100_slice14,14,60.0,13.673164445084785,468794.6,34285.742841959436,348332,3106,2145,262508,15000,1200,5805.533333333334,51.766666666666666,35.75,4375.133333333333,250.0,20.0,0.008916780542700642,0.006157918307821274,0.7536143679018867,0.04306236578895996,0.0034449892631167964
M-SOLO-SLOW-70-100,M-SOLO-SLOW-70-100_slice15,15,60.0,11.814833575873763,456717.4,38656.270278121425,341928,3144,2017,256229,15000,1200,5698.8,52.4,33.61666666666667,4270.483333333334,250.0,20.0,0.009194918228398961,0.005898902692964601,0.7493653634683325,0.04386888467747596,0.0035095107741980767
M-SOLO-SLOW-70-100,M-SOLO-SLOW-70-100_slice16,16,60.0,10.062501252213941,470312.5,46739.12461839667,349739,3131,1967,264045,14999,1200,5828.983333333334,52.18333333333333,32.78333333333333,4400.75,249.98333333333332,20.0,0.008952390210985907,0.005624194041842631,0.7549772830596531,0.04288626661596219,0.003431130071281727
M-SOLO-SLOW-70-100,M-SOLO-SLOW-70-100_slice17,17,60.0,13.18149858130217,458856.1,34810.617106228194,342223,3149,1983,256730,15000,1200,5703.716666666666,52.483333333333334,33.05,4278.833333333333,250.0,20.0,0.009201602463890504,0.005794467350236541,0.7501833599728832,0.043831069215102436,0.0035064855372081948
M-SOLO-SLOW-70-100,M-SOLO-SLOW-70-100_slice18,18,60.0,11.918563627412858,452172.5,37938.5061938166,338157,3187,1993,252508,15000,1200,5635.95,53.11666666666667,33.21666666666667,4208.466666666666,250.0,20.0,0.009424616376416872,0.005893712092312151,0.7467182403439823,0.044358094021416085,0.003548647521713287
M-SOLO-SLOW-70-100,M-SOLO-SLOW-70-100_slice19,19,60.0,12.765088758893722,459404.3,35989.11912617316,342257,3335,1965,256439,15000,1200,5704.283333333334,55.583333333333336,32.75,4273.983333333334,250.0,20.0,0.009744139637757592,0.0057412996666247875,0.7492585980710402,0.04382671501240296,0.0035061372009922366
M-SOLO-SLOW-70-100,M-SOLO-SLOW-70-100_slice20,20,60.0,15.780233594665608,500750.3,31732.75585535533,371229,3408,1953,285222,15000,1200,6187.15,56.8,32.55,4753.7,250.0,20.0,0.009180317270471866,0.005260903647074986,0.7683182078986286,0.04040632601440081,0.003232506081152065
M-SOLO-SLOW-70-100,M-SOLO-SLOW-70-100_slice21,21,60.0,20.037833020048986,484043.7,24156.48935270031,361312,3648,2102,275019,15000,1200,6021.866666666667,60.8,35.03333333333333,4583.65,250.0,20.0,0.010096537064918962,0.005817686653086529,0.7611676335134178,0.04151536622088389,0.003321229297670711
M-SOLO-SLOW-70-100,M-SOLO-SLOW-70-100_slice22,22,60.0,20.243883049864223,497786.9,24589.49692476803,366934,3394,2106,281055,15000,1200,6115.566666666667,56.56666666666667,35.1,4684.25,250.0,20.0,0.009249619822638404,0.0057394517815192924,0.7659551854011893,0.04087928619315735,0.0032703428954525882
M-SOLO-SLOW-70-100,M-SOLO-SLOW-70-100_slice23,23,60.0,15.422170959223731,506942.0,32870.98822470301,371640,3388,1966,285632,15000,1200,6194.0,56.46666666666667,32.766666666666666,4760.533333333334,250.0,20.0,0.00911634915509633,0.005290065654934883,0.768571736088688,0.04036164029706167,0.0032289312237649337
M-SOLO-SLOW-70-100,M-SOLO-SLOW-70-100_slice24,24,60.0,17.692882680207664,462206.8,26123.88316557667,343635,3516,2018,257149,15000,1200,5727.25,58.6,33.63333333333333,4285.816666666667,250.0,20.0,0.010231786634073944,0.005872510076098186,0.7483201652916612,0.04365096686891615,0.0034920773495132917
M-SOLO-SLOW-70-100,M-SOLO-SLOW-70-100_slice25,25,60.0,10.20222136063099,460613.2,45148.32444015035,342429,3462,2140,255980,15000,1200,5707.15,57.7,35.666666666666664,4266.333333333333,250.0,20.0,0.010110125018616998,0.006249470693194793,0.7475418261887866,0.04380470112052425,0.00350437608964194
M-SOLO-SLOW-70-100,M-SOLO-SLOW-70-100_slice26,26,60.0,20.470770212120623,461852.8,22561.574147637086,346773,3135,1971,261186,15000,1200,5779.55,52.25,32.85,4353.1,250.0,20.0,0.009040496232405637,0.005683833516450243,0.7531901272590427,0.04325596283447673,0.0034604770267581387
M-SOLO-SLOW-70-100,M-SOLO-SLOW-70-100_slice27,27,60.0,21.229514406674475,496924.5,23407.24759317947,365708,3379,2312,279031,15000,1200,6095.133333333333,56.31666666666667,38.53333333333333,4650.516666666666,250.0,20.0,0.00923961193083006,0.006321983659094141,0.762988504489921,0.041016329968171325,0.003281306397453706
M-SOLO-SLOW-70-100,M-SOLO-SLOW-70-100_slice28,28,60.0,22.077636731000545,516840.1,23410.118859065813,379329,3198,2177,293178,15000,1200,6322.15,53.3,36.28333333333333,4886.3,250.0,20.0,0.008430676273103295,0.005739081377906777,0.7728858062526197,0.039543509723749044,0.0031634807778999235
M-SOLO-SLOW-70-100,M-SOLO-SLOW-70-100_slice29,29,60.0,22.31491336853453,478605.9,21447.804528556462,356613,3177,2121,270668,15000,1200,5943.55,52.95,35.35,4511.133333333333,250.0,20.0,0.008908817121080836,0.00594762389481034,0.7589964471289605,0.042062403782251345,0.003364992302580108
M-SOLO-SLOW-70-100,M-SOLO-SLOW-70-100_slice30,30,60.0,17.783028708513434,579075.4,32563.37317404059,411927,3181,2638,325291,15000,1200,6865.45,53.016666666666666,43.96666666666667,5421.516666666666,250.0,20.0,0.007722242047741469,0.006404047319063815,0.7896811813743697,0.03641421902424459,0.0029131375219395668
M-SOLO-SLOW-70-100,M-SOLO-SLOW-70-100_slice31,31,60.0,30.341056384249654,632960.3,20861.511609351084,441848,3280,2867,354922,15000,1200,7364.133333333333,54.666666666666664,47.78333333333333,5915.366666666667,250.0,20.0,0.007423367311835744,0.006488656732632036,0.8032671869059043,0.03394832612120005,0.002715866089696004
M-SOLO-SLOW-70-100,M-SOLO-SLOW-70-100_slice32,32,60.0,8.254934893515795,329452.4,39909.75146984903,229043,1668,1419,185686,7500,600,3817.383333333333,27.8,23.65,3094.766666666667,125.0,10.0,0.007282475343057854,0.006195343232493462,0.8107036669970268,0.03274494308928891,0.002619595447143113
M-SOLO-FAST-100-140,M-SOLO-FAST-100-140_slice0,0,60.0,16.425253975437943,658684.1,40101.91263921918,464347,0,2279,387325,15000,1199,7739.116666666667,0.0,37.983333333333334,6455.416666666667,250.0,19.983333333333334,0.0,0.004907967532901042,0.834128356595391,0.03230342825516263,0.0025821206985293327
M-SOLO-FAST-100-140,M-SOLO-FAST-100-140_slice1,1,60.0,15.73568374395827,592562.8,37657.264192762836,427531,0,2263,350497,15000,1200,7125.516666666666,0.0,37.71666666666667,5841.616666666667,250.0,20.0,0.0,0.0052931834182784404,0.8198165747045244,0.035085175110108974,0.002806814008808718
M-SOLO-FAST-100-140,M-SOLO-FAST-100-140_slice2,2,60.0,15.1467750856475,470504.2,31062.995082420657,360590,0,1766,283819,15000,1200,6009.833333333333,0.0,29.433333333333334,4730.316666666667,250.0,20.0,0.0,0.004897529049613134,0.7870961479797,0.04159849136137996,0.003327879308910397
M-SOLO-FAST-100-140,M-SOLO-FAST-100-140_slice3,3,60.0,28.351960450551108,479048.2,16896.47531907051,363997,0,2067,287578,15000,1200,6066.616666666667,0.0,34.45,4792.966666666666,250.0,20.0,0.0,0.00567861823037003,0.7900559619996869,0.041209130844484985,0.0032967304675587984
M-SOLO-FAST-100-140,M-SOLO-FAST-100-140_slice4,4,60.0,11.018816049065858,441964.3,40109.962634095195,338715,0,2343,261290,15000,1200,5645.25,0.0,39.05,4354.833333333333,250.0,20.0,0.0,0.006917319870687747,0.7714154968040978,0.04428501837828263,0.00354280147026261
M-SOLO-FAST-100-140,M-SOLO-FAST-100-140_slice5,5,60.0,24.054828530919437,463110.8,19252.301025747478,350738,0,2369,273859,15000,1200,5845.633333333333,0.0,39.483333333333334,4564.316666666667,250.0,20.0,0.0,0.0067543294424898355,0.7808078964925386,0.04276696565527545,0.003421357252422036
M-SOLO-FAST-100-140,M-SOLO-FAST-100-140_slice6,6,60.0,15.594496155086336,450914.3,28914.96432559822,342889,0,2199,265735,15000,1200,5714.816666666667,0.0,36.65,4428.916666666667,250.0,20.0,0.0,0.006413154111097177,0.7749884073271526,0.04374593527351417,0.0034996748218811334
M-SOLO-FAST-100-140,M-SOLO-FAST-100-140_slice7,7,60.0,29.300241337320408,464473.0,15852.190248289518,347748,0,2223,270856,15000,1200,5795.8,0.0,37.05,4514.266666666666,250.0,20.0,0.0,0.006392560129749128,0.778885859875542,0.04313468373649884,0.0034507746989199074
M-SOLO-FAST-100-140,M-SOLO-FAST-100-140_slice8,8,60.0,11.225731400708856,459146.8,40901.28149431821,342700,0,2557,265571,14998,1200,5711.666666666667,0.0,42.61666666666667,4426.183333333333,249.96666666666667,20.0,0.0,0.007461336445871024,0.774937262912168,0.04376422526991538,0.0035016049022468633
M-SOLO-FAST-100-140,M-SOLO-FAST-100-140_slice9,9,60.0,12.95689465401325,458834.4,35412.374048891514,341384,0,2555,264100,15001,1200,5689.733333333334,0.0,42.583333333333336,4401.666666666667,250.01666666666668,20.0,0.0,0.0074842406205328895,0.7736156351791531,0.04394171958849858,0.003515103226864762
M-SOLO-FAST-100-140,M-SOLO-FAST-100-140_slice10,10,60.0,12.427645630614323,472766.0,38041.47736843943,350346,0,2541,272934,14999,1200,5839.1,0.0,42.35,4548.9,249.98333333333332,20.0,0.0,0.007252830059426967,0.7790412906098543,0.04281196303083238,0.003425185388159134
M-SOLO-FAST-100-140,M-SOLO-FAST-100-140_slice11,11,60.0,16.833158459448857,458154.0,27217.35205568787,344623,0,2491,267107,15000,1200,5743.716666666666,0.0,41.516666666666666,4451.783333333334,250.0,20.0,0.0,0.007228188484227693,0.7750701491194726,0.04352582387130284,0.0034820659097042276
M-SOLO-FAST-100-140,M-SOLO-FAST-100-140_slice12,12,60.0,14.215387859100904,453204.1,31881.233526094184,345726,0,2374,269162,15000,1200,5762.1,0.0,39.56666666666667,4486.033333333334,250.0,20.0,0.0,0.006866709475133488,0.7785413882670091,0.04338695961541799,0.0034709567692334394
M-SOLO-FAST-100-140,M-SOLO-FAST-100-140_slice13,13,60.0,16.810930771942783,519737.8,30916.658158359405,383059,0,2458,305424,15000,1200,6384.316666666667,0.0,40.96666666666667,5090.4,250.0,20.0,0.0,0.00641676608564216,0.7973288710094267,0.03915845861864621,0.0031326766894916973
M-SOLO-FAST-100-140,M-SOLO-FAST-100-140_slice14,14,60.0,19.199146975643096,598401.6,31168.134748859375,429425,0,2421,352385,14999,1200,7157.083333333333,0.0,40.35,5873.083333333333,249.98333333333332,20.0,0.0,0.005637771438551552,0.8205973103568726,0.034928101531117195,0.0027944344181172497
E-SOLO-FAST-140-170,E-SOLO-FAST-140-170_slice0,0,60.0,17.41122811273753,22248.9,1277.8478264679893,23328,0,3600,1128,15001,1199,388.8,0.0,60.0,18.8,250.01666666666668,19.983333333333334,0.0,0.15432098765432098,0.04835390946502058,0.6430469821673526,0.05139746227709191
E-SOLO-FAST-140-170,E-SOLO-FAST-140-170_slice1,1,60.0,19.745997487667793,22274.0,1128.0260728236722,23354,0,3600,1154,15000,1200,389.23333333333335,0.0,60.0,19.233333333333334,250.0,20.0,0.0,0.15414918215295023,0.0494133767234735,0.642288258970626,0.05138306071765008
E-SOLO-FAST-140-170,E-SOLO-FAST-140-170_slice2,2,60.0,14.816679691086776,22281.0,1503.7782056801507,23361,0,3600,1161,15000,1200,389.35,0.0,60.0,19.35,250.0,20.0,0.0,0.15410299216643122,0.04969821497367407,0.6420958006934635,0.051367664055477075
E-SOLO-FAST-140-170,E-SOLO-FAST-140-170_slice3,3,60.0,14.250092930225444,22275.0,1563.1477007952114,23355,0,3600,1155,15000,1200,389.25,0.0,60.0,19.25,250.0,20.0,0.0,0.15414258188824662,0.04945407835581246,0.6422607578676943,0.05138086062941554
E-SOLO-FAST-140-170,E-SOLO-FAST-140-170_slice4,4,60.0,12.521880347638248,22278.0,1779.125768774963,23358,0,3600,1158,15000,1200,389.3,0.0,60.0,19.3,250.0,20.0,0.0,0.15412278448497302,0.049576162342666326,0.6421782686873876,0.05137426149499101
E-SOLO-FAST-140-170,E-SOLO-FAST-140-170_slice5,5,60.0,10.269893490450741,22277.0,2169.155894431995,23357,0,3600,1157,15000,1200,389.28333333333336,0.0,60.0,19.283333333333335,250.0,20.0,0.0,0.1541293830543306,0.04953547116496125,0.6422057627263775,0.0513764610181102
E-SOLO-FAST-140-170,E-SOLO-FAST-140-170_slice6,6,60.0,13.031771604744947,22279.0,1709.591042240802,23359,0,3600,1159,15000,1200,389.31666666666666,0.0,60.0,19.316666666666666,250.0,20.0,0.0,0.15411618648058564,0.04961685003638854,0.6421507770024402,0.051372062160195214
E-SOLO-FAST-140-170,E-SOLO-FAST-140-170_slice7,7,60.0,10.216952217359097,22276.0,2180.297952470796,23356,0,3600,1156,15000,1200,389.26666666666665,0.0,60.0,19.266666666666666,250.0,20.0,0.0,0.15413598218873095,0.04949477650282583,0.6422332591197123,0.05137866072957698
E-SOLO-FAST-140-170,E-SOLO-FAST-140-170_slice8,8,60.0,19.63202019087856,22278.0,1134.7787840168796,23358,0,3600,1158,15000,1200,389.3,0.0,60.0,19.3,250.0,20.0,0.0,0.15412278448497302,0.049576162342666326,0.6421782686873876,0.05137426149499101
E-SOLO-FAST-140-170,E-SOLO-FAST-140-170_slice9,9,60.0,17.88348433693603,22233.0,1243.2141064412492,23313,0,3600,1114,14999,1200,388.55,0.0,60.0,18.566666666666666,249.98333333333332,20.0,0.0,0.15442028053017628,0.047784497919615664,0.6433749410200318,0.0514734268433921
T-SOLO-FAST-140,T-SOLO-FAST-140_slice0,0,60.0,21.41005178906255,150902.9,7048.226762211272,88890,0,1200,66691,15000,1199,1481.5,0.0,20.0,1111.5166666666667,250.0,19.983333333333334,0.0,0.01349983125210935,0.7502643716953538,0.16874789065136686,0.01348858139273259
T-SOLO-FAST-140,T-SOLO-FAST-140_slice1,1,60.0,15.664992034303799,155082.5,9899.941197569358,90235,0,1200,68035,15000,1200,1503.9166666666667,0.0,20.0,1133.9166666666667,250.0,20.0,0.0,0.013298609187122513,0.7539757300382335,0.16623261483903143,0.013298609187122513
T-SOLO-FAST-140,T-SOLO-FAST-140_slice2,2,60.0,13.708297087641116,157392.0,11481.513640516203,89683,0,1200,67485,14998,1200,1494.7166666666667,0.0,20.0,1124.75,249.96666666666667,20.0,0.0,0.01338046229497229,0.7524837483135043,0.16723347791666202,0.01338046229497229
T-SOLO-FAST-140,T-SOLO-FAST-140_slice3,3,60.0,10.50975563647754,158680.0,15098.352948307307,88660,0,1200,66460,15000,1200,1477.6666666666667,0.0,20.0,1107.6666666666667,250.0,20.0,0.0,0.013534852244529664,0.7496052334762012,0.1691856530566208,0.013534852244529664
T-SOLO-FAST-140,T-SOLO-FAST-140_slice4,4,60.0,13.302610869648824,156458.5,11761.488141923703,87222,0,1200,65022,15000,1200,1453.7,0.0,20.0,1083.7,250.0,20.0,0.0,0.013757996835660728,0.7454770585402766,0.1719749604457591,0.013757996835660728
T-SOLO-FAST-140,T-SOLO-FAST-140_slice5,5,60.0,10.06940297333362,154974.0,15390.584765592477,85953,0,1200,63753,15000,1200,1432.55,0.0,20.0,1062.55,250.0,20.0,0.0,0.013961118285574675,0.7417193117168686,0.17451397856968343,0.013961118285574675
T-SOLO-FAST-140,T-SOLO-FAST-140_slice6,6,60.0,14.704511819855552,150826.0,10257.123925483818,84007,0,1200,61807,15000,1200,1400.1166666666666,0.0,20.0,1030.1166666666666,250.0,20.0,0.0,0.014284523908721891,0.735736307688645,0.17855654885902364,0.014284523908721891
T-SOLO-FAST-140,T-SOLO-FAST-140_slice7,7,60.0,16.78506441935415,151754.5,9041.043645028749,84691,0,1200,62493,14998,1200,1411.5166666666667,0.0,20.0,1041.55,249.96666666666667,20.0,0.0,0.014169156108677427,0.7378942272496487,0.1770908360982867,0.014169156108677427
T-SOLO-FAST-140,T-SOLO-FAST-140_slice8,8,60.0,29.64258553743572,148476.0,5008.874809941567,85042,0,1201,62840,15001,1200,1417.3666666666666,0.0,20.016666666666666,1047.3333333333333,250.01666666666668,20.0,0.0,0.014122433621034313,0.7389289997883399,0.17639519296347686,0.014110674725429788
T-SOLO-FAST-140,T-SOLO-FAST-140_slice9,9,60.0,10.423767543463033,81182.0,7788.162932596379,49673,0,764,35529,9555,765,827.8833333333333,0.0,12.733333333333333,592.15,159.25,12.75,0.0,0.015380589052402714,0.7152577859199163,0.1923580214603507,0.015400720713466069
C-MULTI-SLOW-POLI,C-MULTI-SLOW-POLI_slice0,0,60.0,12.486880360786046,52173.7,4178.28140356393,43492,0,975,0,5068,1945,724.8666666666667,0.0,16.25,0.0,84.46666666666667,32.416666666666664,0.0,0.022417915938563415,0.0,0.11652717741193783,0.04472086820564702
C-MULTI-SLOW-POLI,C-MULTI-SLOW-POLI_slice1,1,60.0,17.36975497335858,53808.1,3097.8042052135966,45032,0,990,0,5267,1969,750.5333333333333,0.0,16.5,0.0,87.78333333333333,32.81666666666667,0.0,0.021984366672588383,0.0,0.11696127198436668,0.043724462604370226
C-MULTI-SLOW-POLI,C-MULTI-SLOW-POLI_slice2,2,60.0,19.716174311310507,46515.8,2359.2710870544215,38926,0,856,0,4510,1709,648.7666666666667,0.0,14.266666666666667,0.0,75.16666666666667,28.483333333333334,0.0,0.021990443405435954,0.0,0.11586086420387402,0.04390381749987155
C-MULTI-SLOW-POLI,C-MULTI-SLOW-POLI_slice3,3,60.0,12.576887366531968,41685.6,3314.4607870885825,34609,0,791,0,3964,1576,576.8166666666667,0.0,13.183333333333334,0.0,66.06666666666666,26.266666666666666,0.0,0.022855326649137506,0.0,0.11453668121008986,0.045537287988673465
C-MULTI-SLOW-POLI,C-MULTI-SLOW-POLI_slice4,4,60.0,18.399763604901686,47530.6,2583.2179706557686,40124,0,843,0,4710,1686,668.7333333333333,0.0,14.05,0.0,78.5,28.1,0.0,0.02100986940484498,0.0,0.11738610308045061,0.04201973880968996
C-MULTI-SLOW-POLI,C-MULTI-SLOW-POLI_slice5,5,60.0,8.90090938896805,42114.5,4731.482836146774,34985,0,797,0,3992,1584,583.0833333333334,0.0,13.283333333333333,0.0,66.53333333333333,26.4,0.0,0.0227811919394026,0.0,0.11410604544804917,0.04527654709161069
C-MULTI-SLOW-POLI,C-MULTI-SLOW-POLI_slice6,6,60.0,7.903836455754353,42490.1,5375.882995284559,35465,0,790,0,4093,1571,591.0833333333334,0.0,13.166666666666666,0.0,68.21666666666667,26.183333333333334,0.0,0.02227548287043564,0.0,0.11540955871986465,0.04429719441703087
C-MULTI-SLOW-POLI,C-MULTI-SLOW-POLI_slice7,7,60.0,7.365409788484795,44196.6,6000.562259155994,37185,0,794,0,4329,1577,619.75,0.0,13.233333333333333,0.0,72.15,26.283333333333335,0.0,0.021352695979561652,0.0,0.11641791044776119,0.04240957375285734
C-MULTI-SLOW-POLI,C-MULTI-SLOW-POLI_slice8,8,60.0,6.220025473777858,39885.5,6412.433545191694,33201,0,749,0,3812,1491,553.35,0.0,12.483333333333333,0.0,63.53333333333333,24.85,0.0,0.0225595614589922,0.0,0.11481581880063854,0.04490828589500316
C-MULTI-SLOW-POLI,C-MULTI-SLOW-POLI_slice9,9,60.0,11.163813711551324,44691.4,4003.2377066411727,38032,0,764,0,4477,1518,633.8666666666667,0.0,12.733333333333333,0.0,74.61666666666666,25.3,0.0,0.020088346655448043,0.0,0.11771665965502734,0.03991375683634834
M-MULTI-SLOW-KAIST,M-MULTI-SLOW-KAIST_slice0,0,60.0,21.72971962023619,468991.5,21582.95220538618,350968,1882,2941,267691,14999,2398,5849.466666666666,31.366666666666667,49.016666666666666,4461.516666666666,249.98333333333332,39.96666666666667,0.0053623122335939456,0.008379681338469605,0.7627219575573841,0.042736089899933896,0.006832531740785484
M-MULTI-SLOW-KAIST,M-MULTI-SLOW-KAIST_slice1,1,60.0,13.166771465033593,498910.6,37891.64271020687,368469,1990,3070,284892,15000,2400,6141.15,33.166666666666664,51.166666666666664,4748.2,250.0,40.0,0.0054007257055546055,0.008331772822137005,0.7731776621642527,0.0407089877303111,0.006513438036849776
M-MULTI-SLOW-KAIST,M-MULTI-SLOW-KAIST_slice2,2,60.0,13.118230416117509,487711.5,37178.1470922161,361707,1996,2973,278288,15000,2400,6028.45,33.266666666666666,49.55,4638.133333333333,250.0,40.0,0.005518278606717592,0.008219359868622947,0.7693741066664455,0.04147002960960114,0.006635204737536183
M-MULTI-SLOW-KAIST,M-MULTI-SLOW-KAIST_slice3,3,60.0,19.140498752413833,480172.4,25086.72350763299,358185,2095,2917,274677,15000,2400,5969.75,34.916666666666664,48.61666666666667,4577.95,250.0,40.0,0.0058489328140486066,0.008143836285718273,0.7668579086226391,0.04187780057791365,0.0067004480924661835
M-MULTI-SLOW-KAIST,M-MULTI-SLOW-KAIST_slice4,4,60.0,13.23120844202063,494157.4,37347.86600675258,365909,2012,2814,282601,15000,2400,6098.483333333334,33.53333333333333,46.9,4710.016666666666,250.0,40.0,0.005498634906493144,0.007690436693276197,0.772325906167927,0.04099379900467056,0.00655900784074729
M-MULTI-SLOW-KAIST,M-MULTI-SLOW-KAIST_slice5,5,60.0,17.841872553461947,461398.9,25860.452630039246,347511,1990,2637,264437,15000,2400,5791.85,33.166666666666664,43.95,4407.283333333334,250.0,40.0,0.005726437436512801,0.007588249005067466,0.7609456966829827,0.043164101280247245,0.006906256204839559
M-MULTI-SLOW-KAIST,M-MULTI-SLOW-KAIST_slice6,6,60.0,15.08240604921086,465958.0,30894.142385483636,349806,1894,2614,266822,15000,2400,5830.1,31.566666666666666,43.56666666666667,4447.033333333334,250.0,40.0,0.0054144297124691975,0.007472713446881986,0.7627713646992904,0.042880911133599764,0.0068609457813759624
M-MULTI-SLOW-KAIST,M-MULTI-SLOW-KAIST_slice7,7,60.0,15.389697339235289,473384.2,30759.812201967736,354769,1882,2442,271994,15000,2400,5912.816666666667,31.366666666666667,40.7,4533.233333333334,250.0,40.0,0.005304860345746105,0.006883352265840589,0.7666791630610341,0.042281033573959396,0.006764965371833503
M-MULTI-SLOW-KAIST,M-MULTI-SLOW-KAIST_slice8,8,60.0,33.00940989026773,474974.2,14389.054562894144,355007,1827,2690,271990,15000,2400,5916.783333333334,30.45,44.833333333333336,4533.166666666667,250.0,40.0,0.0051463773953753025,0.007577315376879892,0.7661539068243725,0.04225268797516669,0.00676043007602667
M-MULTI-SLOW-KAIST,M-MULTI-SLOW-KAIST_slice9,9,60.0,20.495151499626623,472928.1,23075.120962565987,353044,1745,2708,270117,15000,2400,5884.066666666667,29.083333333333332,45.13333333333333,4501.95,250.0,40.0,0.004942726685625588,0.007670432014139881,0.7651085983616773,0.042487621939474966,0.006798019510315995
M-MULTI-SLOW-KAIST,M-MULTI-SLOW-KAIST_slice10,10,60.0,13.412810613726108,483956.0,36081.62479419039,359388,1642,2649,276611,15000,2400,5989.8,27.366666666666667,44.15,4610.183333333333,250.0,40.0,0.004568878204058009,0.007370863801796387,0.7696723318530391,0.0417376206217236,0.006678019299475775
M-MULTI-SLOW-KAIST,M-MULTI-SLOW-KAIST_slice11,11,60.0,11.474810897284826,306089.2,26674.879676877896,230725,1147,1791,175497,9998,1599,3845.4166666666665,19.116666666666667,29.85,2924.95,166.63333333333333,26.65,0.004971286163181277,0.007762487810163614,0.760632787951024,0.04333297215299599,0.006930328312926644
P-MULTI-SLOW-CAV,P-MULTI-SLOW-CAV_slice0,0,60.0,19.3470604931081,56076.1,2898.429971828314,25509,0,3352,0,14992,2171,425.15,0.0,55.86666666666667,0.0,249.86666666666667,36.18333333333333,0.0,0.13140460229722842,0.0,0.5877141401074131,0.08510721706064527
P-MULTI-SLOW-CAV,P-MULTI-SLOW-CAV_slice1,1,60.0,20.033743093427123,56368.5,2813.677890203851,25529,0,3382,0,14994,2165,425.48333333333335,0.0,56.36666666666667,0.0,249.9,36.083333333333336,0.0,0.1324767911003173,0.0,0.5873320537428023,0.08480551529632967
P-MULTI-SLOW-CAV,P-MULTI-SLOW-CAV_slice2,2,60.0,12.471378692553047,56426.9,4524.511795451599,25415,0,3389,0,14993,2044,423.5833333333333,0.0,56.483333333333334,0.0,249.88333333333333,34.06666666666667,0.0,0.13334644894747197,0.0,0.5899272083415306,0.08042494589809168
P-MULTI-SLOW-CAV,P-MULTI-SLOW-CAV_slice3,3,60.0,12.342765652107381,56300.0,4561.3764035443255,25339,0,3377,0,14994,1980,422.31666666666666,0.0,56.28333333333333,0.0,249.9,33.0,0.0,0.13327282055329728,0.0,0.5917360590394254,0.07814041595958798
P-MULTI-SLOW-CAV,P-MULTI-SLOW-CAV_slice4,4,60.0,14.702248019495917,56973.9,3875.1828920617963,25480,0,3441,0,14992,2039,424.6666666666667,0.0,57.35,0.0,249.86666666666667,33.983333333333334,0.0,0.13504709576138146,0.0,0.5883830455259027,0.08002354788069074
P-MULTI-SLOW-CAV,P-MULTI-SLOW-CAV_slice5,5,60.0,17.034589568672356,56293.8,3304.67604006895,25326,0,3378,0,14990,1978,422.1,0.0,56.3,0.0,249.83333333333334,32.96666666666667,0.0,0.1333807154702677,0.0,0.5918818605385769,0.07810155571349602
P-MULTI-SLOW-CAV,P-MULTI-SLOW-CAV_slice6,6,60.0,12.518399559538844,56173.5,4487.274889480308,25310,0,3366,0,14987,1975,421.8333333333333,0.0,56.1,0.0,249.78333333333333,32.916666666666664,0.0,0.1329909126827341,0.0,0.5921374950612406,0.0780323982615567
P-MULTI-SLOW-CAV,P-MULTI-SLOW-CAV_slice7,7,60.0,16.087543257397503,55862.0,3472.376055574122,25274,0,3334,0,14986,1965,421.23333333333335,0.0,55.56666666666667,0.0,249.76666666666668,32.75,0.0,0.13191422014718684,0.0,0.5929413626651895,0.07774788320012661
P-MULTI-SLOW-CAV,P-MULTI-SLOW-CAV_slice8,8,60.0,17.122536725592305,54862.9,3204.1338780134624,25120,0,3238,0,14977,1934,418.6666666666667,0.0,53.96666666666667,0.0,249.61666666666667,32.233333333333334,0.0,0.12890127388535033,0.0,0.596218152866242,0.07699044585987261
P-MULTI-SLOW-CAV,P-MULTI-SLOW-CAV_slice9,9,60.0,13.967227209709401,55081.6,3943.6317010515654,25146,0,3260,0,14986,1936,419.1,0.0,54.333333333333336,0.0,249.76666666666668,32.266666666666666,0.0,0.12964288554839737,0.0,0.5959595959595959,0.07699037620297462
E-MULTI-FAST-TUM,E-MULTI-FAST-TUM_slice0,0,60.0,12.579400442486586,22244.9,1768.3593190076415,23324,0,3600,1124,15001,1199,388.73333333333335,0.0,60.0,18.733333333333334,250.01666666666668,19.983333333333334,0.0,0.1543474532670211,0.04819070485336992,0.6431572629051621,0.05140627679643286
E-MULTI-FAST-TUM,E-MULTI-FAST-TUM_slice1,1,60.0,16.233373597317975,22276.0,1372.234789426664,23356,0,3600,1156,15000,1200,389.26666666666665,0.0,60.0,19.266666666666666,250.0,20.0,0.0,0.15413598218873095,0.04949477650282583,0.6422332591197123,0.05137866072957698
E-MULTI-FAST-TUM,E-MULTI-FAST-TUM_slice2,2,60.0,9.856578073473953,22281.0,2260.5208251698105,23361,0,3600,1160,15001,1200,389.35,0.0,60.0,19.333333333333332,250.01666666666668,20.0,0.0,0.15410299216643122,0.04965540858696117,0.6421386070801763,0.051367664055477075
E-MULTI-FAST-TUM,E-MULTI-FAST-TUM_slice3,3,60.0,10.120367475285002,22277.0,2201.204655305528,23357,0,3600,1157,15000,1200,389.28333333333336,0.0,60.0,19.283333333333335,250.0,20.0,0.0,0.1541293830543306,0.04953547116496125,0.6422057627263775,0.0513764610181102
E-MULTI-FAST-TUM,E-MULTI-FAST-TUM_slice4,4,60.0,22.542394235382606,22278.0,988.2712442776991,23358,0,3600,1158,15000,1200,389.3,0.0,60.0,19.3,250.0,20.0,0.0,0.15412278448497302,0.049576162342666326,0.6421782686873876,0.05137426149499101
E-MULTI-FAST-TUM,E-MULTI-FAST-TUM_slice5,5,60.0,14.759932985901633,22278.0,1509.356446352396,23358,0,3600,1158,15000,1200,389.3,0.0,60.0,19.3,250.0,20.0,0.0,0.15412278448497302,0.049576162342666326,0.6421782686873876,0.05137426149499101
E-MULTI-FAST-TUM,E-MULTI-FAST-TUM_slice6,6,60.0,18.229254828494177,22279.0,1222.1563749921177,23359,0,3600,1159,15000,1200,389.31666666666666,0.0,60.0,19.316666666666666,250.0,20.0,0.0,0.15411618648058564,0.04961685003638854,0.6421507770024402,0.051372062160195214
E-MULTI-FAST-TUM,E-MULTI-FAST-TUM_slice7,7,60.0,10.015854731873622,22280.0,2224.4731574528514,23360,0,3600,1160,15000,1200,389.3333333333333,0.0,60.0,19.333333333333332,250.0,20.0,0.0,0.1541095890410959,0.04965753424657534,0.6421232876712328,0.05136986301369863
E-MULTI-FAST-TUM,E-MULTI-FAST-TUM_slice8,8,60.0,15.90620411174583,22277.0,1400.5227044427086,23357,0,3600,1157,15000,1200,389.28333333333336,0.0,60.0,19.283333333333335,250.0,20.0,0.0,0.1541293830543306,0.04953547116496125,0.6422057627263775,0.0513764610181102
E-MULTI-FAST-TUM,E-MULTI-FAST-TUM_slice9,9,60.0,11.61851855574259,22280.0,1917.6283011561613,23360,0,3600,1160,15000,1200,389.3333333333333,0.0,60.0,19.333333333333332,250.0,20.0,0.0,0.1541095890410959,0.04965753424657534,0.6421232876712328,0.05136986301369863
E-MULTI-FAST-TUM,E-MULTI-FAST-TUM_slice10,10,60.0,11.798810548961383,22266.0,1887.1393779570446,23346,0,3598,1150,14998,1200,389.1,0.0,59.96666666666667,19.166666666666668,249.96666666666667,20.0,0.0,0.15411633684571233,0.04925897369999143,0.6424226848282361,0.05140066820868671
T-MULTI-FAST-EURO,T-MULTI-FAST-EURO_slice0,0,60.0,19.48771569551015,162984.3,8363.437898344882,98119,0,1201,74725,15000,3593,1635.3166666666666,0.0,20.016666666666666,1245.4166666666667,250.0,59.88333333333333,0.0,0.012240238893588398,0.7615752300777627,0.15287558984498414,0.03661879962086854
T-MULTI-FAST-EURO,T-MULTI-FAST-EURO_slice1,1,60.0,15.628566644571087,150392.1,9622.897826797307,91451,0,1200,68055,15000,3596,1524.1833333333334,0.0,20.0,1134.25,250.0,59.93333333333333,0.0,0.013121781063082963,0.7441690085400925,0.16402226328853703,0.03932160391903861
T-MULTI-FAST-EURO,T-MULTI-FAST-EURO_slice2,2,60.0,20.401328685585362,152794.1,7489.4190645512845,91501,0,1201,68104,15000,3596,1525.0166666666667,0.0,20.016666666666666,1135.0666666666666,250.0,59.93333333333333,0.0,0.013125539611588945,0.7442978765259396,0.16393263461601512,0.03930011693861269
T-MULTI-FAST-EURO,T-MULTI-FAST-EURO_slice3,3,60.0,11.849910747024717,155142.8,13092.318019268907,92360,0,1200,68967,15000,3593,1539.3333333333333,0.0,20.0,1149.45,250.0,59.88333333333333,0.0,0.0129926375054136,0.7467193590298831,0.16240796881766997,0.03890212213079255
T-MULTI-FAST-EURO,T-MULTI-FAST-EURO_slice4,4,60.0,14.847600012632254,155267.5,10457.413983936749,92451,0,1200,69056,15000,3595,1540.85,0.0,20.0,1150.9333333333334,250.0,59.916666666666664,0.0,0.012979848784761657,0.7469470314004175,0.16224810980952073,0.03888546365101513
T-MULTI-FAST-EURO,T-MULTI-FAST-EURO_slice5,5,60.0,12.490991953714008,158086.1,12656.008472809519,94094,0,1200,70698,15000,3596,1568.2333333333333,0.0,20.0,1178.3,250.0,59.93333333333333,0.0,0.012753204242565945,0.7513550279507726,0.15941505303207432,0.03821710204688928
T-MULTI-FAST-EURO,T-MULTI-FAST-EURO_slice6,6,60.0,10.790014058094414,153684.1,14243.178847826413,90495,0,1200,67099,15000,3596,1508.25,0.0,20.0,1118.3166666666666,250.0,59.93333333333333,0.0,0.013260401127134096,0.7414663793579755,0.1657550140891762,0.03973700204431184
T-MULTI-FAST-EURO,T-MULTI-FAST-EURO_slice7,7,60.0,13.34087657076537,157774.1,11826.36681803499,92466,0,1200,69071,14999,3596,1541.1,0.0,20.0,1151.1833333333334,249.98333333333332,59.93333333333333,0.0,0.012977743170462656,0.7469880821058551,0.16221097484480781,0.038889970367486426
T-MULTI-FAST-EURO,T-MULTI-FAST-EURO_slice8,8,60.0,13.442761678269303,156416.3,11635.726626981153,90921,0,1201,67521,15001,3598,1515.35,0.0,20.016666666666666,1125.35,250.01666666666668,59.96666666666667,0.0,0.013209269585684275,0.7426337149833372,0.16498938639038285,0.03957281596110909
T-MULTI-FAST-EURO,T-MULTI-FAST-EURO_slice9,9,60.0,26.94836625203404,160054.4,5939.29882439234,92123,0,1200,68724,15000,3599,1535.3833333333334,0.0,20.0,1145.4,250.0,59.983333333333334,0.0,0.013026062981014512,0.7460026269227011,0.1628257872626814,0.03906733389055936
T-MULTI-FAST-EURO,T-MULTI-FAST-EURO_slice10,10,60.0,15.35887729550442,159455.7,10381.98931680202,91694,0,1200,68297,15000,3597,1528.2333333333333,0.0,20.0,1138.2833333333333,250.0,59.95,0.0,0.013087006783431849,0.7448360852400375,0.16358758479289812,0.03922830283333697
T-MULTI-FAST-EURO,T-MULTI-FAST-EURO_slice11,11,60.0,11.699455096741803,159646.8,13645.661159421026,93659,0,1199,70263,14999,3598,1560.9833333333333,0.0,19.983333333333334,1171.05,249.98333333333332,59.96666666666667,0.0,0.012801759574627104,0.7502001943219552,0.16014478053363798,0.03841595575438559
T-MULTI-FAST-EURO,T-MULTI-FAST-EURO_slice12,12,60.0,3.4862858789956688,41940.0,12029.994514414893,25849,0,300,19998,3751,900,430.81666666666666,0.0,5.0,333.3,62.516666666666666,15.0,0.0,0.011605864830360942,0.7736469495918604,0.145111996595613,0.03481759449108283
C-SOLO-SLOW-70,C-SOLO-SLOW-70_slice0,0,60.0,34.0118393156323,31259.8,919.085842723965,15254,0,1765,0,7495,1198,254.23333333333332,0.0,29.416666666666668,0.0,124.91666666666667,19.966666666666665,0.0,0.1157073554477514,0.0,0.49134653205716533,0.07853677723875704
C-SOLO-SLOW-70,C-SOLO-SLOW-70_slice1,1,60.0,18.120418093047736,31389.0,1732.2447991441777,15276,0,1777,0,7500,1200,254.6,0.0,29.616666666666667,0.0,125.0,20.0,0.0,0.11632626341974339,0.0,0.49096622152395913,0.07855459544383346
C-SOLO-SLOW-70,C-SOLO-SLOW-70_slice2,2,60.0,26.74273479241582,31360.0,1172.6549376279058,15274,0,1774,0,7500,1200,254.56666666666666,0.0,29.566666666666666,0.0,125.0,20.0,0.0,0.11614508314783292,0.0,0.49103050936231507,0.0785648814979704
C-SOLO-SLOW-70,C-SOLO-SLOW-70_slice3,3,60.0,16.490214046902903,31378.0,1902.8255128012263,15274,0,1776,0,7500,1200,254.56666666666666,0.0,29.6,0.0,125.0,20.0,0.0,0.1162760246169962,0.0,0.49103050936231507,0.0785648814979704
C-SOLO-SLOW-70,C-SOLO-SLOW-70_slice4,4,60.0,20.700232139267694,31106.0,1502.6884621739525,15245,0,1749,0,7500,1200,254.08333333333334,0.0,29.15,0.0,125.0,20.0,0.0,0.11472613971794031,0.0,0.49196457855034437,0.0787143325680551
C-SOLO-SLOW-70,C-SOLO-SLOW-70_slice5,5,60.0,15.70688030241947,25955.6,1652.49874578861,12769,0,1454,0,6287,1006,212.81666666666666,0.0,24.233333333333334,0.0,104.78333333333333,16.766666666666666,0.0,0.11386952776254992,0.0,0.4923643198371055,0.07878455634740388
E-SOLO-FAST-100-140,E-SOLO-FAST-100-140_slice0,0,60.0,13.250289744849304,22291.9,1682.3707578670408,23371,0,3600,1171,15001,1199,389.51666666666665,0.0,60.0,19.516666666666666,250.01666666666668,19.983333333333334,0.0,0.15403705446921398,0.05010483077318044,0.6418638483590775,0.05130289675238543
E-SOLO-FAST-100-140,E-SOLO-FAST-100-140_slice1,1,60.0,16.284573436144864,22281.0,1368.227426242901,23361,0,3600,1161,15000,1200,389.35,0.0,60.0,19.35,250.0,20.0,0.0,0.15410299216643122,0.04969821497367407,0.6420958006934635,0.051367664055477075
E-SOLO-FAST-100-140,E-SOLO-FAST-100-140_slice2,2,60.0,13.36284026594019,22280.0,1667.310209251567,23360,0,3600,1161,14999,1200,389.3333333333333,0.0,60.0,19.35,249.98333333333332,20.0,0.0,0.1541095890410959,0.04970034246575342,0.6420804794520548,0.05136986301369863
E-SOLO-FAST-100-140,E-SOLO-FAST-100-140_slice3,3,60.0,17.148064453907097,22286.0,1299.6218937655235,23366,0,3600,1165,15001,1200,389.43333333333334,0.0,60.0,19.416666666666668,250.01666666666668,20.0,0.0,0.15407001626294617,0.049858769151758964,0.6420011983223487,0.05135667208764872
E-SOLO-FAST-100-140,E-SOLO-FAST-100-140_slice4,4,60.0,14.711258617976501,22279.0,1514.418349819237,23359,0,3600,1159,15000,1200,389.31666666666666,0.0,60.0,19.316666666666666,250.0,20.0,0.0,0.15411618648058564,0.04961685003638854,0.6421507770024402,0.051372062160195214
E-SOLO-FAST-100-140,E-SOLO-FAST-100-140_slice5,5,60.0,14.401103119257275,22282.0,1547.2425838132028,23362,0,3600,1162,15000,1200,389.3666666666667,0.0,60.0,19.366666666666667,250.0,20.0,0.0,0.15409639585651913,0.04973889221813201,0.6420683160688297,0.051365465285506375
E-SOLO-FAST-100-140,E-SOLO-FAST-100-140_slice6,6,60.0,14.2563750235172,22275.0,1562.4588973883851,23355,0,3600,1155,15000,1200,389.25,0.0,60.0,19.25,250.0,20.0,0.0,0.15414258188824662,0.04945407835581246,0.6422607578676943,0.05138086062941554
E-SOLO-FAST-100-140,E-SOLO-FAST-100-140_slice7,7,60.0,9.858583062217656,22272.0,2259.148181786479,23352,0,3600,1152,15000,1200,389.2,0.0,60.0,19.2,250.0,20.0,0.0,0.15416238437821173,0.04933196300102775,0.6423432682425488,0.051387461459403906
E-SOLO-FAST-100-140,E-SOLO-FAST-100-140_slice8,8,60.0,30.753418087296236,22275.0,724.3097315807462,23355,0,3600,1155,15000,1200,389.25,0.0,60.0,19.25,250.0,20.0,0.0,0.15414258188824662,0.04945407835581246,0.6422607578676943,0.05138086062941554
E-SOLO-FAST-100-140,E-SOLO-FAST-100-140_slice9,9,60.0,8.996146189095102,22277.0,2476.282569418848,23357,0,3600,1157,15000,1200,389.28333333333336,0.0,60.0,19.283333333333335,250.0,20.0,0.0,0.1541293830543306,0.04953547116496125,0.6422057627263775,0.0513764610181102
E-SOLO-FAST-100-140,E-SOLO-FAST-100-140_slice10,10,60.0,11.644087431459754,22275.0,1912.9880405928477,23355,0,3600,1155,15000,1200,389.25,0.0,60.0,19.25,250.0,20.0,0.0,0.15414258188824662,0.04945407835581246,0.6422607578676943,0.05138086062941554
E-SOLO-FAST-100-140,E-SOLO-FAST-100-140_slice11,11,60.0,10.937053488960654,22274.0,2036.5631403816692,23354,0,3600,1154,15000,1200,389.23333333333335,0.0,60.0,19.233333333333334,250.0,20.0,0.0,0.15414918215295023,0.0494133767234735,0.642288258970626,0.05138306071765008
E-SOLO-FAST-100-140,E-SOLO-FAST-100-140_slice12,12,60.0,13.926039827268205,22274.0,1599.4496839213311,23354,0,3600,1154,15000,1200,389.23333333333335,0.0,60.0,19.233333333333334,250.0,20.0,0.0,0.15414918215295023,0.0494133767234735,0.642288258970626,0.05138306071765008
E-SOLO-FAST-100-140,E-SOLO-FAST-100-140_slice13,13,60.0,28.23730752299541,22280.0,789.0270693073694,23360,0,3600,1160,15000,1200,389.3333333333333,0.0,60.0,19.333333333333332,250.0,20.0,0.0,0.1541095890410959,0.04965753424657534,0.6421232876712328,0.05136986301369863
E-SOLO-FAST-100-140,E-SOLO-FAST-100-140_slice14,14,60.0,13.211594560141618,22282.0,1686.54887936261,23362,0,3600,1162,15000,1200,389.3666666666667,0.0,60.0,19.366666666666667,250.0,20.0,0.0,0.15409639585651913,0.04973889221813201,0.6420683160688297,0.051365465285506375
E-SOLO-FAST-100-140,E-SOLO-FAST-100-140_slice15,15,60.0,22.083808575332913,8370.0,379.01071146528096,8775,0,1356,442,5627,450,146.25,0.0,22.6,7.366666666666666,93.78333333333333,7.5,0.0,0.15452991452991452,0.05037037037037037,0.6412535612535613,0.05128205128205128
T-SOLO-FAST-100-140,T-SOLO-FAST-100-140_slice0,0,60.0,20.088454132058228,203427.9,10126.60798400405,121049,0,954,99097,14999,1199,2017.4833333333333,0.0,15.9,1651.6166666666666,249.98333333333332,19.983333333333334,0.0,0.007881105998397343,0.8186519508628737,0.12390849986369157,0.009905079761088485
T-SOLO-FAST-100-140,T-SOLO-FAST-100-140_slice1,1,60.0,16.639168875577784,176874.6,10630.014114443451,105996,0,935,84058,15001,1201,1766.6,0.0,15.583333333333334,1400.9666666666667,250.01666666666668,20.016666666666666,0.0,0.008821087588210876,0.793029925657572,0.14152420846069663,0.011330616249669799
T-SOLO-FAST-100-140,T-SOLO-FAST-100-140_slice2,2,60.0,11.16558450409829,169470.9,15177.969405703418,101858,0,948,79912,15000,1199,1697.6333333333334,0.0,15.8,1331.8666666666666,250.0,19.983333333333334,0.0,0.00930707455477233,0.7845431875748591,0.14726383789196726,0.011771289442164582
T-SOLO-FAST-100-140,T-SOLO-FAST-100-140_slice3,3,60.0,15.032356672908932,169832.1,11297.769451284285,102238,0,950,80283,15000,1201,1703.9666666666667,0.0,15.833333333333334,1338.05,250.0,20.016666666666666,0.0,0.009292044054069915,0.7852559713609422,0.14671648506426183,0.01174709990414523
T-SOLO-FAST-100-140,T-SOLO-FAST-100-140_slice4,4,60.0,16.08790215285474,171027.0,10630.783204362782,103230,0,896,81335,14999,1200,1720.5,0.0,14.933333333333334,1355.5833333333333,249.98333333333332,20.0,0.0,0.008679647389324809,0.7879008040298363,0.14529690981303883,0.011624527753560012
T-SOLO-FAST-100-140,T-SOLO-FAST-100-140_slice5,5,60.0,13.615280802186648,170205.0,12501.027519951307,102666,0,919,80747,15000,1200,1711.1,0.0,15.316666666666666,1345.7833333333333,250.0,20.0,0.0,0.008951356826992383,0.7865018604016909,0.14610484483665478,0.011688387586932383
T-SOLO-FAST-100-140,T-SOLO-FAST-100-140_slice6,6,60.0,25.490100173622306,169640.0,6655.132731708409,102523,0,917,80606,15000,1200,1708.7166666666667,0.0,15.283333333333333,1343.4333333333334,250.0,20.0,0.0,0.008944334442027642,0.786223579099324,0.1463086331847488,0.011704690654779902
T-SOLO-FAST-100-140,T-SOLO-FAST-100-140_slice7,7,60.0,12.091169316667276,131940.9,10912.170406721858,79391,0,582,64816,9998,799,1323.1833333333334,0.0,9.7,1080.2666666666667,166.63333333333333,13.316666666666666,0.0,0.0073308057588391635,0.8164149588744316,0.12593367006335732,0.010064113060674383
